{"min_": [-0.3076923076923077, 0.0], "scale_": [0.12820512820512822, 0.01]}