{"min_": [-0.2033898305084746, 0.0], "scale_": [0.08474576271186442, 0.01]}