{"min_": [-0.2136752136752137, 0.0], "scale_": [0.08547008547008547, 0.01]}