{"min_": [-0.32467532467532473, 0.0], "scale_": [0.12987012987012989, 0.01]}