{"min_": [-0.3218390804597701, 0.0], "scale_": [0.1149425287356322, 0.01]}