{"min_": [-0.21052631578947367, 0.0], "scale_": [0.07518796992481203, 0.01]}