{"min_": [-0.28070175438596495, 0.0], "scale_": [0.08771929824561404, 0.01]}