{"min_": [-0.171875, 0.0], "scale_": [0.078125, 0.01]}