{"min_": [-0.17322834645669294, 0.0], "scale_": [0.07874015748031496, 0.01]}