{"min_": [-0.211864406779661, 0.0], "scale_": [0.0847457627118644, 0.01]}