{"min_": [-0.3205128205128205, 0.0], "scale_": [0.1282051282051282, 0.01]}