{"min_": [-0.3974358974358974, 0.0], "scale_": [0.1282051282051282, 0.01]}