{"min_": [-0.3068181818181818, 0.0], "scale_": [0.11363636363636363, 0.01]}