{"min_": [-0.20149253731343283, 0.0], "scale_": [0.07462686567164178, 0.01]}