{"min_": [-0.1510791366906475, 0.0], "scale_": [0.07194244604316546, 0.01]}