{"min_": [-0.21649484536082475, 0.0], "scale_": [0.10309278350515463, 0.01]}