{"min_": [-0.2222222222222222, 0.0], "scale_": [0.08547008547008546, 0.01]}