{"min_": [-0.33766233766233766, 0.0], "scale_": [0.12987012987012986, 0.01]}