{"min_": [-0.2782608695652174, 0.0], "scale_": [0.08695652173913043, 0.01]}