{"min_": [-0.41025641025641035, 0.0], "scale_": [0.12820512820512822, 0.01]}