{"min_": [-0.2894736842105263, 0.0], "scale_": [0.08771929824561404, 0.01]}