{"min_": [-1.1568627450980393, 0.0], "scale_": [0.19607843137254904, 0.01]}