{"min_": [-0.26956521739130435, 0.0], "scale_": [0.08695652173913043, 0.01]}