{"min_": [-0.41558441558441556, 0.0], "scale_": [0.12987012987012986, 0.01]}