{"min_": [-0.40259740259740256, 0.0], "scale_": [0.12987012987012986, 0.01]}