{"min_": [-0.2719298245614035, 0.0], "scale_": [0.08771929824561403, 0.01]}