{"min_": [-0.20512820512820512, 0.0], "scale_": [0.08547008547008547, 0.01]}