{"min_": [-0.31168831168831174, 0.0], "scale_": [0.12987012987012989, 0.01]}